,Product Name,Prices,Description,Reviews
0,Bzrqx Gift Toy Baby Camera Gift Kids Children HD 2 Inch Color Screen Digital Cameras For Girls Boys To...,₹899,Effective Pixels: 8 MPHD7 Days Replacement Warranty,2.7
1,Bzrqx Gift Toy Baby Camera HD 8MP Video Digital Sports Camera Mini 2 Inch Screen Recorder with Soft Co...,₹899,Effective Pixels: 8 MPHD7 Days Replacement Warranty,4.5
2,Canon R100 Mirrorless Camera RF-S 18-45mm f/4.5-6.3 IS STM,"₹47,990","DIGIC 8 Image Processor, 4K 24p Video with Crop, Full HD 60p, Dual Pixel CMOS AF with 143 AF Zones, 6.5 fps Electronic Shutter, 2.36m-Dot OLED EVF, 3"" 1.04m-Dot LCD Screen, Creative Assist Mode, Silent Mode for Quiet Operation, Bluetooth with SD Card SlotEffective Pixels: 24.1 MPSensor Type: CMOSWiFi Available4K2 Years Warranty",4
3,Canon PowerShot V10,"₹29,990",Effective Pixels: 15.2 MPOptical Zoom: 3x | Digital Zoom: 3xAuto FocusDisplay Size: 2 inch2 Years Warranty,2
4,Toyvala Unique Digital Camera For Kids With SD Card (4 GB) N/A Instant Camera,₹999,Effective Pixels: 8 MPOptical Zoom: N/ASensor Type: CCD | LCD Size: 2 inchMax Shutter Speed: 3N/A,3
5,"Orelius Fire Kids Digital Video Camera, 5.0MP Rechargeable Camera Shockproof 1080P HD 18 Advanced Poin...","₹1,100",Effective Pixels: 5 MPOptical Zoom: 4Sensor Type: BSI CMOS | LCD Size: 4 inchMax Shutter Speed: 42 Days Replacement Warranty,3
6,"TechKing GENERIC Toys Kids Mini Camera, Christmas Birthday Gifts Toddler Camera for Boys Girls",₹999,Effective Pixels: 10 MPOptical Zoom: 8 | Digital Zoom: 25Display Size: 3 inch1 Year Dummy Company Domestic Warranty,2.8
7,Richuzers Point And Shoot Digital Camera For Kids Best Gift For Kids,₹999,Effective Pixels: 3 MPOptical Zoom: 0 | Digital Zoom: 0Display Size: 2 inchReplacement warranty against manufacturing defect,4.8
8,Ricoh GRIII Digital Camera,"₹84,499",Effective Pixels: 24.24 MPOptical Zoom: NA | Digital Zoom: NADisplay Size: 3 inch1 Year Limited Warranty against Manufacturing Defects.,4.4
9,SONY Cyber-shot DSC-RX100M3,"₹50,990",Effective Pixels: 20.1 MPOptical Zoom: 2.9 | Digital Zoom: 44xAuto FocusDisplay Size: 32 Year Warranty,1.5
10,Ricoh Theta Theta X 360 Degree Camera 5.7K Video with Image Stabilization,"₹61,299",Effective Pixels: 48 MPOptical Zoom: NA | Digital Zoom: NADisplay Size: 2.25 inch1 Year Limited Warranty Against Manufacturing Defects,3.5
11,"LionBolt CAM-X2B0 Toys Kids Mini Camera, Christmas Birthday Gifts Parties",₹999,Effective Pixels: 5 MPOptical Zoom: NA | Digital Zoom: NADisplay Size: 3 inchNA,3.5
12,Point Zero Go Pro 720p Waterproof Digital Sports Action Camera Without Wifi 32gb Supportable Sports an...,"₹2,367",Effective Pixels: 12 MP720p7 Days Replacement,3.2
13,AVOIHS Gift toys 1080P Digital Camera Gift Kids Baby Girls 2.0 Camcorder Video Child Cam Recorder Spor...,₹899,Effective Pixels: 8 MPHDNA,2.9
14,ZVR FHDCCM1 Mini DSLR Spy Hidden Camera HD 720p Digital Camera lense take Sports and Action Camera,"₹1,199",Effective Pixels: 2.7 MP480PNA,3.1
15,Bzrqx Gift Toy Baby Camera Gift Kids Children Digital Cameras For Girls Boys Toys HD 2 Inch Color Scre...,₹899,Effective Pixels: 8 MPHD7 Days Replacement Warranty,3.1
16,Garundropsy 4k camera Ultra HD 16 MP WiFi Sports and Action Camera,"₹2,374",Effective Pixels: 12 MPHDNA,4.5
17,Rudra Enterprise 2289-B NA Instant Camera,₹799,Exposure Mode: ManualView Finder: NoSelf Timer: NoNA,4
18,Rudra Enterprise 2289-B NA Instant Camera,₹885,Exposure Mode: ManualView Finder: NoSelf Timer: NoNA,3
19,AVOIHS Gift toys Gift Kids Children HD 2 Inch Color Screen Digital Cameras For Girls Boys Toys Sports ...,₹899,Effective Pixels: 8 MPHDNA,3
20,OLYMPUS E-M10M4_1442E DSLR Camera Camera,"₹76,799","Effective Pixels: 20.3 MPSensor Type: MOSWiFi Available4K, FULL HD1 Year Warranty",2.9
21,CALLIE action camera Ultra HD 1080P Sports and Action Camera,"₹1,214",Effective Pixels: 12 MPHDNA,3
22,VOLTAC WIFI ULTRA 4k Sports Powershoot S2 Shoot Series camera for Travel Bike Adventure 170 Degree Wid...,"₹1,844",Effective Pixels: 16 MP4KNA,3.8
23,CALLIE action camera 1080P 12Mp Car Bike Helmet Cam Sports and Action Camera,"₹1,199",Effective Pixels: 12 MPHDNA,3.1
24,OLYMPUS E-M10M4_1442E DSLR Camera Camera,"₹76,799","Effective Pixels: 20.3 MPSensor Type: MOSWiFi Available4K, FULL HD1 Year Warranty",2.9
25,Bzrqx Gift Toy Baby Camera HD 8MP Video Digital Sports Camera Mini 2 Inch Screen Recorder with Soft Co...,₹899,Effective Pixels: 8 MPHD7 Days Replacement Warranty,2.7
26,Canon R100 Mirrorless Camera RF-S 18-45mm f/4.5-6.3 IS STM,"₹47,990","DIGIC 8 Image Processor, 4K 24p Video with Crop, Full HD 60p, Dual Pixel CMOS AF with 143 AF Zones, 6.5 fps Electronic Shutter, 2.36m-Dot OLED EVF, 3"" 1.04m-Dot LCD Screen, Creative Assist Mode, Silent Mode for Quiet Operation, Bluetooth with SD Card SlotEffective Pixels: 24.1 MPSensor Type: CMOSWiFi Available4K2 Years Warranty",4.5
27,Canon PowerShot V10,"₹29,990",Effective Pixels: 15.2 MPOptical Zoom: 3x | Digital Zoom: 3xAuto FocusDisplay Size: 2 inch2 Years Warranty,4
28,Bzrqx Gift Toy Baby Camera Baby Gift HD 8MP Video Digital Sports Camera 2 Inch Screen Recorder Soft Co...,₹899,Effective Pixels: 8 MPHD7 Days Replacement Warranty,3.6
29,Bzrqx Gift Toy Baby Camera HD 8MP Video Digital Sports Camera Mini 2 Inch Screen Recorder with Soft Co...,₹899,Effective Pixels: 8 MPHD7 Days Replacement Warranty,4.5
30,Bzrqx Gift Toy Baby Camera Baby Gift HD 8MP Video Digital Sports Camera 2 Inch Screen Recorder Soft Co...,₹899,Effective Pixels: 8 MPHD7 Days Replacement Warranty,4
31,Reyansh KIDS DIGITAL CAMERA Instant Camera,₹899,Exposure Mode: ManualView Finder: YesSelf Timer: YesBattery IncludedNO WARRANTY,4.5
32,"IndusBay Kids Camera Kids Digital Camera Video Recorder , Mini 2 Inches Screen Children's Camera 8MP G...",₹849,Exposure Mode: ManualView Finder: NoSelf Timer: YesBattery IncludedNA,4
33,IBS Powershoot 4K S2 Series WIFI for Travel Bike Adventure 170 Degree Wide Angle 30M underwater Waterp...,"₹2,065",Effective Pixels: 12 MPHDNA,
34,VIZIO Action Shot HD Action Shot Full HD 12MP 1080P Black Helmet Sports Action Waterproof Camera Sport...,"₹1,207",Effective Pixels: 12 MPHDNA,
35,aoksmd Gift Toy Baby Camera Digital Camera Toys Boys Girls Children Mini Selfie Video 13MP 1080P Camco...,₹899,Effective Pixels: 8 MPHD7 Days Replacement Warranty,
36,Clipface SPY TABLE CLOCK Wireless Hidden Camera Wireless Hidden Full Hd Spy Digital Table Clock Camera...,"₹2,916",Effective Pixels: 8 MPHDNA,
37,AVOIHS Gift toys HD 8MP Video Digital Sports Camera Mini 2 Inch Screen Recorder with Soft Cover Sports...,₹899,Effective Pixels: 8 MPHDNA,
38,Plutofit Digital Camera for Kids (Style 04) Multicolor 3D Camera,"₹1,200",Effective Pixels: 8 MPHD7 Days Replacement Warranty,
39,rabison Digital Camera for Kids (Style 04) Multicolor 3D Camera,"₹1,186",Effective Pixels: 16 MP4KNA,
40,Bzrqx Gift Toy Baby Camera Baby Gift HD 8MP Video Digital Sports Camera 2 Inch Screen Recorder Soft Co...,₹899,Effective Pixels: 8 MPHD7 Days Replacement Warranty,
41,VOLTAC 4k Sports Powershoot S2 Shoot Series camera for Travel Bike Adventure 170 Degree Wide Angle 30M...,"₹1,899",Effective Pixels: 12 MPHDNA,
42,Bzrqx Gift Toy Baby Camera 1080P Digital Camera Kids Gift Baby Girls 2 Inch Screen Photos Videos Recor...,₹899,Effective Pixels: 8 MPHDNA,
43,Garundropsy 4k camera Ultra HD 16 MP WiFi Sports and Action Camera,"₹2,374",Effective Pixels: 8 MPHD7 Days Replacement Warranty,
44,AVOIHS Gift toys Gift Kids Children HD 2 Inch Color Screen Digital Cameras For Girls Boys Toys Sports ...,₹899,Effective Pixels: 8 MPHD7 Days Replacement Warranty,
45,Bzrqx Gift Toy Baby Camera Gift Kids Children Digital Cameras For Girls Boys Toys HD 2 Inch Color Scre...,₹899,Effective Pixels: 12 MPHDNA,
46,Bzrqx Gift Toy Baby Camera Gift Kids Children Digital Cameras For Girls Boys Toys HD 2 Inch Color Scre...,₹899,Effective Pixels: 2.7 MP480PNA,
47,CALLIE action camera 1080P 12Mp Car Bike Helmet Cam Sports and Action Camera,"₹1,199",Effective Pixels: 12 MPHDNA,
48,ZVR FHDCCM1 Mini DSLR Spy Hidden Camera HD 720p Digital Camera lense take Sports and Action Camera,"₹1,199",Effective Pixels: 8 MPHDNA,
49,CALLIE action camera Ultra HD 1080P Sports and Action Camera,"₹1,214",Effective Pixels: 12 MP4KNA,
50,AVOIHS Gift toys Baby Gift HD 8MP Video Digital Sports Camera 2 Inch Screen Recorder Soft Cover Sports...,₹899,"DIGIC 8 Image Processor, 4K 24p Video with Crop, Full HD 60p, Dual Pixel CMOS AF with 143 AF Zones, 6.5 fps Electronic Shutter, 2.36m-Dot OLED EVF, 3"" 1.04m-Dot LCD Screen, Creative Assist Mode, Silent Mode for Quiet Operation, Bluetooth with SD Card SlotEffective Pixels: 24.1 MPSensor Type: CMOSWiFi Available4K2 Years Warranty",
51,VOLTAC Powershoot 4K S2 Series WIFI for Travel Bike Adventure 170 Degree Wide Angle 30M underwater Wat...,"₹2,104",Effective Pixels: 15.2 MPOptical Zoom: 3x | Digital Zoom: 3xAuto FocusDisplay Size: 2 inch2 Years Warranty,
52,Canon R100 Mirrorless Camera RF-S 18-45mm f/4.5-6.3 IS STM,"₹47,990","Effective Pixels: 24.2 MPSensor Type: CMOSWiFi AvailableFull HD, 4K Anamorphic, UHD 4K2 Years Warranty",
53,Canon PowerShot V10,"₹29,990",Effective Pixels: 8 MPHD7 Days Replacement Warranty,
54,"Panasonic DC LUMIX Series DC-S5 Mirrorless Camera Body, Lens","₹2,08,990",Effective Pixels: 12 MPHDNA,
55,Bzrqx Gift Toy Baby Camera 1080P Digital Camera Gift Kids Baby Girls 2.0 Camcorder Video Child Cam Rec...,₹899,Effective Pixels: 12 MPHDNA,
56,Garundropsy action camera Ultra HD 1080P Rechargeable Batteries Sports and Action Camera,"₹2,272",Effective Pixels: 8 MPHD7 Days Replacement Warranty,
57,Garundropsy action camera Ultra HD 1080P Sports and Action Camera,"₹2,374",Effective Pixels: 8 MPHDNA,
58,Bzrqx Gift Toy Baby Camera 1080P Digital Camera Gift Kids Baby Girls 2.0 Camcorder Video Child Cam Rec...,₹899,Effective Pixels: 8 MPHDNA,
59,Mirroreye SPY TABLE CLOCK Wireless Hidden Wireless Hidden Spy WiFi Mini Camera Digital Table Clock wit...,"₹3,134",Effective Pixels: 8 MPHDna,
60,AVOIHS Gift toys 1080P Digital Camera Kids Gift Baby Girls 2 Inch Screen Photos Videos Recording Sport...,₹899,Effective Pixels: 8 MPHD7 Days Replacement Warranty,
61,aoksmd Gift Toy Baby Camera Digital Camera Toys Boys Girls Children Mini Selfie Video 13MP 1080P Camco...,₹899,Effective Pixels: 8 MPHDNA,
62,Bzrqx Gift Toy Baby Camera 1080P Digital Camera Kids Gift Baby Girls 2 Inch Screen Photos Videos Recor...,₹899,Effective Pixels: 8 MPHD7 Days Replacement Warranty,
63,AVOIHS Gift toys Baby Gift HD 8MP Video Digital Sports Camera 2 Inch Screen Recorder Soft Cover Sports...,₹899,Effective Pixels: 8 MPHD7 Days Replacement Warranty,
64,Bzrqx Gift Toy Baby Camera 1080P Digital Camera Kids Gift Baby Girls 2 Inch Screen Photos Videos Recor...,₹899,Effective Pixels: 8 MPHDNA,
65,Bzrqx Gift Toy Baby Camera Gift Kids Children Digital Cameras For Girls Boys Toys HD 2 Inch Color Scre...,₹899,Effective Pixels: 8 MPHDNA,
66,Bzrqx Gift Toy Baby Camera Gift Kids Children HD 2 Inch Color Screen Digital Cameras For Girls Boys To...,₹899,Effective Pixels: 8 MPHDNA,
67,AVOIHS Gift toys 1080P Digital Camera Kids Gift Baby Girls 2 Inch Screen Photos Videos Recording Sport...,₹899,Effective Pixels: 8 MPHD7 Days Replacement Warranty,
68,AVOIHS Gift toys Baby Gift HD 8MP Video Digital Sports Camera 2 Inch Screen Recorder Soft Cover Sports...,₹899,Effective Pixels: 8 MPHD7 Days Replacement Warranty,
69,Bzrqx Gift Toy Baby Camera TOES Kids Cat Digital HD Smart Camera Web for Computer Child Video Recorder...,₹899,Effective Pixels: 8 MPHD7 Days Replacement Warranty,
70,Bzrqx Gift Toy Baby Camera Baby Gift HD 8MP Video Digital Sports Camera 2 Inch Screen Recorder Soft Co...,₹899,"DIGIC 8 Image Processor, 4K 24p Video with Crop, Full HD 60p, Dual Pixel CMOS AF with 143 AF Zones, 6.5 fps Electronic Shutter, 2.36m-Dot OLED EVF, 3"" 1.04m-Dot LCD Screen, Creative Assist Mode, Silent Mode for Quiet Operation, Bluetooth with SD Card SlotEffective Pixels: 24.1 MPSensor Type: CMOSWiFi Available4K2 Years Warranty",
71,Bzrqx Gift Toy Baby Camera Gift Kids Children HD 2 Inch Color Screen Digital Cameras For Girls Boys To...,₹899,Effective Pixels: 15.2 MPOptical Zoom: 3x | Digital Zoom: 3xAuto FocusDisplay Size: 2 inch2 Years Warranty,
72,Canon R100 Mirrorless Camera RF-S 18-45mm f/4.5-6.3 IS STM,"₹47,990",Effective Pixels: 8 MPHD7 Days Replacement Warranty,
73,Canon PowerShot V10,"₹29,990",Effective Pixels: 8 MPHD7 Days Replacement Warranty,
74,Bzrqx Gift Toy Baby Camera 1080P Digital Camera Gift Kids Baby Girls 2.0 Camcorder Video Child Cam Rec...,₹899,Effective Pixels: 8 MPHD7 Days Replacement Warranty,
75,Bzrqx Gift Toy Baby Camera TOES Kids Cat Digital HD Smart Camera Web for Computer Child Video Recorder...,₹899,Effective Pixels: 8 MPHD7 Days Replacement Warranty,
76,Bzrqx Gift Toy Baby Camera TOES Kids Digital Smart Camera Computer Child Video 13MP Full HD 1080P Reco...,₹899,Effective Pixels: 8 MPHD7 Days Replacement Warranty,
77,Bzrqx Gift Toy Baby Camera 1080P Digital Camera Gift Kids Baby Girls 2.0 Camcorder Video Child Cam Rec...,₹899,Effective Pixels: 8 MPHD7 Days Replacement Warranty,
78,Bzrqx Gift Toy Baby Camera 1080P Digital Camera Kids Gift Baby Girls 2 Inch Screen Photos Videos Recor...,₹899,Effective Pixels: 8 MPHD7 Days Replacement Warranty,
79,Bzrqx Gift Toy Baby Camera HD 8MP Video Digital Sports Camera Mini 2 Inch Screen Recorder with Soft Co...,₹899,Effective Pixels: 8 MPHD7 Days Replacement Warranty,
80,Bzrqx Gift Toy Baby Camera Baby Gift HD 8MP Video Digital Sports Camera 2 Inch Screen Recorder Soft Co...,₹899,Effective Pixels: 8 MPHDNA,
81,aoksmd Gift Toy Baby Camera Digital Kids for Girls Boys TOES Smart Camera 13MP 1080P HD Digital Video ...,₹899,Effective Pixels: 8 MPHD7 Days Replacement Warranty,
82,AVOIHS Gift toys HD 8MP Video Digital Sports Camera Mini 2 Inch Screen Recorder with Soft Cover Sports...,₹899,Effective Pixels: 8 MPHD7 Days Replacement Warranty,
83,aoksmd Gift Toy Baby Camera 1080P HD 13MP Digital for Girls Boys TOES Kids Smart Camera Digital Video ...,₹899,Effective Pixels: 8 MPHD7 Days Replacement Warranty,
84,Bzrqx Gift Toy Baby Camera TOES Kids Cat Digital 1080p HD Smart Camera Web Computer Child Video Record...,₹899,Effective Pixels: 8 MPHD7 Days Replacement Warranty,
85,aoksmd Gift Toy Baby Camera TOES Kids Cat Digital HD Smart Camera Web for Computer Child Video Recorde...,₹899,Effective Pixels: 8 MPHD7 Days Replacement Warranty,
86,aoksmd Gift Toy Baby Camera TOES Kids Cat Digital 1080p HD Smart Camera Web Computer Child Video Recor...,₹899,Effective Pixels: 8 MPHD7 Days Replacement Warranty,
87,aoksmd Gift Toy Baby Camera Digital Kids Smart Camera for Girls Boys Kids Camera 13MP 1080P HD Digital...,₹899,Effective Pixels: 8 MPHD7 Days Replacement Warranty,
88,aoksmd Gift Toy Baby Camera TOES Kids Digital Smart Camera Computer Child Video 13MP Full HD 1080P Rec...,₹899,Effective Pixels: 8 MPHDNA,
89,aoksmd Gift Toy Baby Camera TOES Kids Digital Smart Camera Computer Child Video 13MP Full HD 1080P Rec...,₹899,Effective Pixels: 8 MPHD7 Days Replacement Warranty,
90,aoksmd Gift Toy Baby Camera Digital Camera Toys Boys Girls Children Mini Selfie Video 13MP 1080P Camco...,₹899,Effective Pixels: 8 MPHD7 Days Replacement Warranty,
91,aoksmd Gift Toy Baby Camera Digital Kids Smart Camera for Girls Boys Kids Camera 13MP 1080P HD Digital...,₹899,Effective Pixels: 8 MPHD7 Days Replacement Warranty,
92,Bzrqx Gift Toy Baby Camera Baby Gift HD 8MP Video Digital Sports Camera 2 Inch Screen Recorder Soft Co...,₹899,Effective Pixels: 8 MPHD7 Days Replacement Warranty,
93,aoksmd Gift Toy Baby Camera 1080P HD 13MP Digital for Girls Boys TOES Kids Smart Camera Digital Video ...,₹899,Effective Pixels: 8 MPHD7 Days Replacement Warranty,
94,aoksmd Gift Toy Baby Camera TOES Kids Cat Digital HD Smart Camera Web for Computer Child Video Recorde...,₹899,"DIGIC 8 Image Processor, 4K 24p Video with Crop, Full HD 60p, Dual Pixel CMOS AF with 143 AF Zones, 6.5 fps Electronic Shutter, 2.36m-Dot OLED EVF, 3"" 1.04m-Dot LCD Screen, Creative Assist Mode, Silent Mode for Quiet Operation, Bluetooth with SD Card SlotEffective Pixels: 24.1 MPSensor Type: CMOSWiFi Available4K2 Years Warranty",
95,aoksmd Gift Toy Baby Camera Digital Kids for Girls Boys TOES Smart Camera 13MP 1080P HD Digital Video ...,₹899,Effective Pixels: 15.2 MPOptical Zoom: 3x | Digital Zoom: 3xAuto FocusDisplay Size: 2 inch2 Years Warranty,
96,Canon R100 Mirrorless Camera RF-S 18-45mm f/4.5-6.3 IS STM,"₹47,990",Effective Pixels: 8 MPHD7 Days Replacement Warranty,
97,Canon PowerShot V10,"₹29,990",Effective Pixels: 8 MPHD7 Days Replacement Warranty,
98,Bzrqx Gift Toy Baby Camera HD 8MP Video Digital Sports Camera Mini 2 Inch Screen Recorder with Soft Co...,₹899,Effective Pixels: 8 MPHD7 Days Replacement Warranty,
99,Bzrqx Gift Toy Baby Camera Baby Gift HD 8MP Video Digital Sports Camera 2 Inch Screen Recorder Soft Co...,₹899,Effective Pixels: 8 MPHDNA,
100,Bzrqx Gift Toy Baby Camera TOES Kids Digital Smart Camera Computer Child Video 13MP Full HD 1080P Reco...,₹899,Effective Pixels: 8 MPHD7 Days Replacement Warranty,
101,AVOIHS Gift toys Baby Gift HD 8MP Video Digital Sports Camera 2 Inch Screen Recorder Soft Cover Sports...,₹899,Effective Pixels: 8 MPHD7 Days Replacement Warranty,
102,Bzrqx Gift Toy Baby Camera Gift Kids Children HD 2 Inch Color Screen Digital Cameras For Girls Boys To...,₹899,Effective Pixels: 8 MPHD7 Days Replacement Warranty,
103,Bzrqx Gift Toy Baby Camera Gift Kids Children Digital Cameras For Girls Boys Toys HD 2 Inch Color Scre...,₹899,Effective Pixels: 8 MPHD7 Days Replacement Warranty,
104,Bzrqx Gift Toy Baby Camera 1080P Digital Camera Gift Kids Baby Girls 2.0 Camcorder Video Child Cam Rec...,₹899,Effective Pixels: 8 MPHD7 Days Replacement Warranty,
105,Bzrqx Gift Toy Baby Camera 1080P Digital Camera Gift Kids Baby Girls 2.0 Camcorder Video Child Cam Rec...,₹899,Effective Pixels: 8 MPHD7 Days Replacement Warranty,
106,Bzrqx Gift Toy Baby Camera Baby Gift HD 8MP Video Digital Sports Camera 2 Inch Screen Recorder Soft Co...,₹899,Effective Pixels: 8 MPHD7 Days Replacement Warranty,
107,Bzrqx Gift Toy Baby Camera Digital Kids Smart Camera for Girls Boys Kids Camera 13MP 1080P HD Digital ...,₹899,Effective Pixels: 8 MPHD7 Days Replacement Warranty,
108,Bzrqx Gift Toy Baby Camera 1080P Digital Camera Kids Gift Baby Girls 2 Inch Screen Photos Videos Recor...,₹899,Effective Pixels: 8 MPHDNA,
109,Bzrqx Gift Toy Baby Camera HD 8MP Video Digital Sports Camera Mini 2 Inch Screen Recorder with Soft Co...,₹899,Effective Pixels: 8 MPHD7 Days Replacement Warranty,
110,AVOIHS 1 HD 8MP Video Digital Sports Camera Mini 2 Inch Screen Recorder with Soft Cover Sports and Act...,₹899,Effective Pixels: 8 MPHDNA,
111,Bzrqx Gift Toy Baby Camera Baby Gift HD 8MP Video Digital Sports Camera 2 Inch Screen Recorder Soft Co...,₹899,Effective Pixels: 8 MPHDNA,
112,AVOIHS Gift toys Baby Gift HD 8MP Video Digital Sports Camera 2 Inch Screen Recorder Soft Cover Sports...,₹899,Effective Pixels: 8 MPHDNA,
113,AVOIHS Gift toys HD 8MP Video Digital Sports Camera Mini 2 Inch Screen Recorder with Soft Cover Sports...,₹899,Effective Pixels: 8 MPHDNA,
114,AVOIHS Gift toys Gift Kids Children Digital Cameras For Girls Boys Toys HD 2 Inch Color Screen Sports ...,₹899,Effective Pixels: 8 MPHD7 Days Replacement Warranty,
115,AVOIHS Gift toys Gift Kids Children HD 2 Inch Color Screen Digital Cameras For Girls Boys Toys Sports ...,₹899,Effective Pixels: 8 MPHDNA,
116,Bzrqx Gift Toy Baby Camera Gift Kids Children HD 2 Inch Color Screen Digital Cameras For Girls Boys To...,₹899,Effective Pixels: 8 MPHDNA,
117,AVOIHS Gift toys Gift Kids Children HD 2 Inch Color Screen Digital Cameras For Girls Boys Toys Sports ...,₹899,Effective Pixels: 8 MPHDNA,
118,AVOIHS Gift toys Gift Kids Children Digital Cameras For Girls Boys Toys HD 2 Inch Color Screen Sports ...,₹899,,
119,AVOIHS Gift toys 1080P Digital Camera Kids Gift Baby Girls 2 Inch Screen Photos Videos Recording Sport...,₹899,,
